timestamp,open,high,low,close,volume
2026-06-17 22:00:00,64257.77,64434.84,63915.77,64300.01,492.23769
2026-06-17 23:00:00,64300.01,64529.2,64248.0,64509.4,289.82054
2026-06-18 00:00:00,64509.4,64702.0,64457.67,64468.01,396.7915
2026-06-18 01:00:00,64468.01,64806.0,64466.3,64548.74,382.95414
2026-06-18 02:00:00,64548.75,64776.66,64488.0,64689.5,323.93999
2026-06-18 03:00:00,64689.5,64689.5,64267.86,64282.82,548.57792
2026-06-18 04:00:00,64282.82,64347.09,63826.93,63883.41,831.20199
2026-06-18 05:00:00,63883.26,64020.0,63696.29,63994.0,597.91477
2026-06-18 06:00:00,63994.0,64134.33,63850.0,64083.41,767.55142
2026-06-18 07:00:00,64084.0,64510.5,64015.42,64510.44,524.85633
2026-06-18 08:00:00,64510.45,64646.75,64378.25,64399.92,714.20438
2026-06-18 09:00:00,64399.93,64478.0,64196.14,64199.53,300.31875
2026-06-18 10:00:00,64199.53,64223.79,63910.0,64078.61,445.57306
2026-06-18 11:00:00,64078.61,64196.0,63878.14,63974.4,378.00473
2026-06-18 12:00:00,63974.4,64402.01,63922.0,64378.07,417.60478
2026-06-18 13:00:00,64378.06,64445.19,63800.0,63984.0,984.80789
2026-06-18 14:00:00,63983.99,64203.66,63587.3,63816.61,998.41474
2026-06-18 15:00:00,63816.61,63825.99,62293.76,62369.44,2793.66043
2026-06-18 16:00:00,62369.43,62814.0,62349.42,62688.0,1271.71361
2026-06-18 17:00:00,62688.0,62750.0,62272.07,62606.0,1003.68212
2026-06-18 18:00:00,62606.0,62959.75,62580.01,62708.92,727.06223
2026-06-18 19:00:00,62708.93,63008.33,62636.0,62950.79,577.63764
2026-06-18 20:00:00,62950.79,63274.19,62950.79,63086.0,684.93429
2026-06-18 21:00:00,63086.0,63121.81,62870.39,62971.32,466.34172
2026-06-18 22:00:00,62971.32,62990.0,62742.0,62885.85,290.36064
2026-06-18 23:00:00,62885.84,62985.12,62756.6,62958.01,507.48754
2026-06-19 00:00:00,62958.01,63086.0,62840.0,63020.0,786.22825
2026-06-19 01:00:00,63020.0,63100.0,62852.01,63021.86,542.43308
2026-06-19 02:00:00,63021.86,63110.29,62893.71,63006.0,304.818
2026-06-19 03:00:00,63006.01,63029.64,62386.9,62773.51,835.4402
2026-06-19 04:00:00,62773.52,62916.66,62409.55,62452.01,390.96231
2026-06-19 05:00:00,62452.01,62744.92,62452.0,62739.2,361.83315
2026-06-19 06:00:00,62739.2,62914.73,62728.0,62894.08,252.94439
2026-06-19 07:00:00,62894.09,62917.32,62504.27,62629.99,636.21109
2026-06-19 08:00:00,62630.0,62782.0,62533.33,62603.99,431.84041
2026-06-19 09:00:00,62604.0,62654.0,62316.44,62390.0,921.6732
2026-06-19 10:00:00,62390.01,62587.27,62383.76,62533.25,761.99981
2026-06-19 11:00:00,62533.24,62684.0,62452.52,62626.0,1001.15104
2026-06-19 12:00:00,62626.0,62872.99,62353.0,62830.01,630.52118
2026-06-19 13:00:00,62830.01,63415.0,62666.0,63210.0,1078.35943
2026-06-19 14:00:00,63210.0,63419.27,63010.0,63203.53,665.42698
2026-06-19 15:00:00,63203.54,63283.86,63019.26,63214.01,527.206
2026-06-19 16:00:00,63214.01,63387.8,62918.98,62971.99,1021.4111
2026-06-19 17:00:00,62972.0,63263.49,62866.99,63198.01,840.75861
2026-06-19 18:00:00,63198.0,63201.95,62991.37,63110.01,341.96414
2026-06-19 19:00:00,63110.01,63140.0,62942.0,63021.6,283.46164
2026-06-19 20:00:00,63021.6,63274.0,62958.59,63250.01,217.92541
2026-06-19 21:00:00,63250.01,63275.64,63060.0,63075.98,181.69443
2026-06-19 22:00:00,63075.99,63369.48,63048.0,63315.28,541.93138
2026-06-19 23:00:00,63315.29,63666.0,63276.0,63543.91,689.22877
2026-06-20 00:00:00,63543.9,63777.0,63470.0,63530.01,640.14667
2026-06-20 01:00:00,63530.01,63616.23,63404.0,63586.28,348.64849
2026-06-20 02:00:00,63586.27,63586.27,63336.01,63340.57,358.87789
2026-06-20 03:00:00,63340.58,63510.0,63320.14,63476.79,268.88477
2026-06-20 04:00:00,63476.79,63613.59,63402.0,63583.53,228.62975
2026-06-20 05:00:00,63583.53,63907.07,63543.46,63678.07,477.24749
2026-06-20 06:00:00,63678.07,63761.99,63640.36,63744.61,191.88822
2026-06-20 07:00:00,63744.61,63800.0,63594.37,63655.21,448.4829
2026-06-20 08:00:00,63655.21,63664.39,63392.41,63417.97,547.04803
2026-06-20 09:00:00,63417.98,63787.74,63417.98,63741.16,349.02093
2026-06-20 10:00:00,63741.16,63777.5,63592.44,63674.7,270.1692
2026-06-20 11:00:00,63674.71,63798.76,63620.74,63688.0,315.13807
2026-06-20 12:00:00,63688.0,63785.76,63537.99,63655.09,292.10361
2026-06-20 13:00:00,63655.1,63655.1,63278.0,63397.78,412.69589
2026-06-20 14:00:00,63397.77,64150.0,63184.21,63949.9,1101.98952
2026-06-20 15:00:00,63949.9,64388.0,63836.0,64160.04,916.57166
2026-06-20 16:00:00,64160.04,64167.26,63902.58,64034.31,403.42996
2026-06-20 17:00:00,64034.31,64041.07,63730.21,63834.7,482.18112
2026-06-20 18:00:00,63834.7,63928.4,63788.0,63805.89,119.99479
2026-06-20 19:00:00,63805.9,63968.0,63798.0,63936.0,173.41555
2026-06-20 20:00:00,63935.99,63981.09,63853.31,63925.99,210.00109
2026-06-20 21:00:00,63926.0,64092.91,63918.29,64012.4,272.00511
2026-06-20 22:00:00,64012.39,64350.0,63978.12,64272.01,446.43904
2026-06-20 23:00:00,64272.0,64336.91,64250.02,64298.01,247.09349
2026-06-21 00:00:00,64298.01,64322.91,64237.31,64294.0,425.19081
2026-06-21 01:00:00,64294.0,64323.68,64206.17,64248.0,486.06931
2026-06-21 02:00:00,64248.0,64275.12,64216.05,64241.25,230.0633
2026-06-21 03:00:00,64241.26,64472.99,64234.0,64426.0,409.22163
2026-06-21 04:00:00,64426.0,64588.0,64269.45,64276.12,379.39058
2026-06-21 05:00:00,64276.12,64365.43,64225.6,64256.55,166.55047
2026-06-21 06:00:00,64256.56,64323.99,64200.0,64303.46,142.55901
2026-06-21 07:00:00,64303.47,64303.47,64173.08,64191.07,302.97907
2026-06-21 08:00:00,64191.06,64228.0,63900.17,64014.0,328.07237
2026-06-21 09:00:00,64014.0,64246.0,63961.28,64209.16,221.03822
2026-06-21 10:00:00,64209.16,64408.0,64204.0,64365.99,286.23088
2026-06-21 11:00:00,64366.0,64483.95,64112.01,64176.0,438.27788
2026-06-21 12:00:00,64176.0,64235.13,63952.0,64200.0,359.32606
2026-06-21 13:00:00,64200.0,64200.0,64020.01,64146.0,161.65202
2026-06-21 14:00:00,64146.0,64154.0,64004.0,64145.97,189.32902
2026-06-21 15:00:00,64145.97,64355.88,64120.0,64224.0,390.79222
2026-06-21 16:00:00,64224.0,64254.38,64046.0,64145.31,236.79134
2026-06-21 17:00:00,64145.32,64221.44,64080.0,64151.46,205.04149
2026-06-21 18:00:00,64151.47,64240.0,63933.47,64213.81,270.92869
2026-06-21 19:00:00,64213.82,64298.84,64168.73,64207.12,189.28721
2026-06-21 20:00:00,64207.13,64271.21,63700.0,63848.0,420.72845
2026-06-21 21:00:00,63848.0,63969.59,63510.0,63808.01,752.88497
2026-06-21 22:00:00,63808.0,63864.0,63575.04,63801.59,437.50041
2026-06-21 23:00:00,63801.6,63801.6,63270.0,63311.99,604.75792
2026-06-22 00:00:00,63312.0,64094.0,63312.0,63896.01,709.82748
2026-06-22 01:00:00,63896.0,64823.52,63850.8,64606.0,1331.90666
2026-06-22 02:00:00,64606.0,64663.99,64250.0,64257.99,370.38632
2026-06-22 03:00:00,64258.0,64459.44,63894.98,63974.01,796.48727
2026-06-22 04:00:00,63974.01,64116.44,63868.41,64100.02,327.45142
2026-06-22 05:00:00,64100.01,64344.17,64088.64,64247.74,1091.63692
2026-06-22 06:00:00,64247.74,64326.0,63946.0,63989.95,416.9007
2026-06-22 07:00:00,63989.96,64397.57,63968.23,64211.19,352.4108
2026-06-22 08:00:00,64211.2,64350.58,64044.0,64165.99,368.11506
2026-06-22 09:00:00,64166.0,64256.2,64052.17,64145.39,200.06309
2026-06-22 10:00:00,64145.4,64272.0,64065.18,64139.21,240.0862
2026-06-22 11:00:00,64139.21,64768.46,64097.08,64657.22,1063.60877
2026-06-22 12:00:00,64657.22,65222.45,64579.08,65149.57,1156.05989
2026-06-22 13:00:00,65149.58,65589.76,64945.53,65578.0,1368.64481
2026-06-22 14:00:00,65577.99,65622.83,64835.0,64980.39,1096.28772
2026-06-22 15:00:00,64980.39,65146.0,64757.11,64836.95,593.12998
2026-06-22 16:00:00,64836.95,64862.0,64519.0,64719.77,680.43904
2026-06-22 17:00:00,64719.77,64769.98,64388.16,64602.0,523.74444
2026-06-22 18:00:00,64602.0,64730.15,64311.0,64334.01,548.78709
2026-06-22 19:00:00,64334.01,64499.28,64276.0,64472.0,579.92511
2026-06-22 20:00:00,64472.51,64659.43,64356.95,64433.8,399.51938
2026-06-22 21:00:00,64433.8,64480.0,64134.39,64320.57,263.4342
2026-06-22 22:00:00,64320.57,64396.45,63804.59,63971.12,510.07647
2026-06-22 23:00:00,63971.13,64053.33,63877.61,64020.01,434.17969
2026-06-23 00:00:00,64020.01,64162.02,63828.93,64154.99,679.20038
2026-06-23 01:00:00,64154.99,64273.09,63893.33,64156.0,540.18098
2026-06-23 02:00:00,64156.0,64275.38,64042.01,64204.01,319.7542
2026-06-23 03:00:00,64204.01,64204.01,63968.42,64065.35,236.76285
2026-06-23 04:00:00,64065.34,64095.55,63612.62,63623.02,408.1299
2026-06-23 05:00:00,63623.03,63728.0,63342.34,63400.0,850.99416
2026-06-23 06:00:00,63400.0,63400.0,62568.9,62936.01,1620.65692
2026-06-23 07:00:00,62936.01,63095.0,62872.0,62886.03,1074.96381
2026-06-23 08:00:00,62886.04,62945.08,61938.0,62385.99,4988.90507
2026-06-23 09:00:00,62386.0,62528.13,62350.44,62386.0,613.23414
2026-06-23 10:00:00,62386.0,62586.0,62247.2,62328.01,387.47153
2026-06-23 11:00:00,62328.01,62643.99,62328.0,62507.06,456.80185
2026-06-23 12:00:00,62507.05,62558.0,62189.42,62256.6,873.94501
2026-06-23 13:00:00,62256.61,62538.72,61960.0,62475.99,1294.09387
2026-06-23 14:00:00,62476.0,62855.98,62406.25,62493.63,1302.27666
2026-06-23 15:00:00,62493.63,62507.99,62198.0,62487.79,630.16435
2026-06-23 16:00:00,62487.79,62846.0,62428.01,62558.0,728.22737
2026-06-23 17:00:00,62558.0,62693.48,62327.95,62358.02,533.28034
2026-06-23 18:00:00,62358.03,62445.21,62104.7,62241.99,492.79838
2026-06-23 19:00:00,62242.0,62480.0,62230.0,62388.49,707.45732
2026-06-23 20:00:00,62388.49,62531.27,62380.25,62470.7,373.02429
2026-06-23 21:00:00,62470.7,62658.93,62470.7,62599.77,367.76027
2026-06-23 22:00:00,62599.77,62779.82,62526.0,62590.0,430.92568
2026-06-23 23:00:00,62590.0,62799.99,62480.39,62734.57,311.98359
2026-06-24 00:00:00,62734.57,63024.4,62733.29,63014.0,799.18478
2026-06-24 01:00:00,63014.0,63119.45,62772.15,62932.19,599.06927
2026-06-24 02:00:00,62932.19,63013.12,62606.09,62630.0,593.50541
2026-06-24 03:00:00,62630.01,62830.0,62461.87,62729.78,770.64134
2026-06-24 04:00:00,62729.78,62799.62,62525.49,62744.42,650.06924
2026-06-24 05:00:00,62744.41,63073.44,62706.0,62890.0,366.0273
2026-06-24 06:00:00,62889.99,62909.98,62728.73,62780.0,219.5109
2026-06-24 07:00:00,62780.01,62844.0,62610.11,62657.99,589.75592
2026-06-24 08:00:00,62658.0,62807.46,62605.28,62800.0,475.30761
2026-06-24 09:00:00,62800.0,62800.01,62637.08,62681.7,493.71643
2026-06-24 10:00:00,62681.7,62681.7,62412.05,62445.99,530.71886
2026-06-24 11:00:00,62445.99,63239.06,62318.88,62921.19,815.18681
2026-06-24 12:00:00,62921.19,62973.2,62585.2,62618.31,517.25346
2026-06-24 13:00:00,62618.31,62628.75,61255.74,61338.01,2775.24015
2026-06-24 14:00:00,61338.0,61456.0,60888.0,61113.1,2839.40106
2026-06-24 15:00:00,61113.1,61150.13,60249.82,60250.0,3237.99155
2026-06-24 16:00:00,60250.0,60678.1,59622.0,59850.0,4274.39737
2026-06-24 17:00:00,59850.0,60057.18,59102.7,59404.0,3790.1806
2026-06-24 18:00:00,59404.0,59930.0,59310.85,59599.99,1583.51728
2026-06-24 19:00:00,59600.0,60000.0,59530.0,59958.3,1195.52715
2026-06-24 20:00:00,59958.3,61208.48,59854.0,60956.0,1821.39287
2026-06-24 21:00:00,60956.0,61144.63,60665.75,61110.0,801.00882
2026-06-24 22:00:00,61109.99,61276.0,60802.66,60873.99,523.65642
2026-06-24 23:00:00,60874.0,61112.0,60830.01,61077.99,416.02483
2026-06-25 00:00:00,61078.0,61163.16,60726.77,60832.0,766.62145
2026-06-25 01:00:00,60832.0,60988.0,60720.23,60928.0,615.84376
2026-06-25 02:00:00,60928.0,60966.0,60700.01,60799.08,580.03112
2026-06-25 03:00:00,60799.08,60910.63,60684.94,60883.65,479.47033
2026-06-25 04:00:00,60883.66,61410.0,60792.0,61357.63,536.03927
2026-06-25 05:00:00,61357.63,61807.04,61280.0,61600.01,1223.4059
2026-06-25 06:00:00,61600.02,61869.02,61600.01,61732.06,539.2877
2026-06-25 07:00:00,61732.06,61962.4,61670.0,61911.04,937.71339
2026-06-25 08:00:00,61911.03,61920.0,61684.87,61712.35,337.43778
2026-06-25 09:00:00,61712.36,61792.0,61614.32,61739.29,327.48572
2026-06-25 10:00:00,61739.29,61751.07,61257.79,61269.94,686.26895
2026-06-25 11:00:00,61269.95,61422.52,61066.0,61282.01,605.95603
2026-06-25 12:00:00,61282.0,61761.35,61080.0,61244.01,1124.99959
2026-06-25 13:00:00,61244.01,61369.18,58115.01,58290.17,6396.00513
2026-06-25 14:00:00,58291.7,60485.51,58291.7,59471.5,6002.27451
2026-06-25 15:00:00,59471.49,59655.86,58874.85,59557.99,2456.01373
2026-06-25 16:00:00,59557.99,60067.0,59157.63,59312.64,1765.10919
2026-06-25 17:00:00,59312.64,59740.9,59139.96,59676.01,1062.87634
2026-06-25 18:00:00,59676.0,59793.34,59364.0,59512.71,978.75101
2026-06-25 19:00:00,59512.71,59516.0,59168.82,59320.0,917.28893
2026-06-25 20:00:00,59319.99,59741.95,59319.99,59456.62,539.40098
2026-06-25 21:00:00,59456.62,60273.81,59452.01,60211.87,617.22274
2026-06-25 22:00:00,60211.86,60211.86,59740.0,59851.27,431.60976
2026-06-25 23:00:00,59851.27,60191.55,59739.99,59794.0,458.89363
2026-06-26 00:00:00,59794.64,59906.71,59642.77,59667.09,875.61527
2026-06-26 01:00:00,59667.09,59789.07,59228.0,59431.5,833.71293
2026-06-26 02:00:00,59431.49,59456.0,58358.77,58561.99,2633.6835
2026-06-26 03:00:00,58562.0,60131.37,58337.0,60036.01,1886.07235
2026-06-26 04:00:00,60036.0,60238.77,59836.17,59920.47,843.9784
2026-06-26 05:00:00,59920.47,60047.68,59736.0,59953.3,883.13649
2026-06-26 06:00:00,59953.3,60459.55,59702.0,60324.0,1504.97927
2026-06-26 07:00:00,60324.0,60759.99,60283.08,60532.0,2153.07079
2026-06-26 08:00:00,60532.0,60580.0,60150.56,60245.67,803.85464
2026-06-26 09:00:00,60245.9,60259.37,59583.33,59736.01,832.22202
2026-06-26 10:00:00,59736.01,59858.93,59239.78,59313.26,1050.97441
2026-06-26 11:00:00,59313.26,59588.0,59259.78,59413.24,1048.3329
2026-06-26 12:00:00,59413.24,60007.91,58969.9,59185.02,1710.35381
2026-06-26 13:00:00,59185.02,60216.14,58500.1,60175.43,2730.33879
2026-06-26 14:00:00,60175.42,60294.0,59390.0,59590.73,1745.27867
2026-06-26 15:00:00,59590.73,60500.0,59584.01,60328.32,1582.87088
2026-06-26 16:00:00,60328.18,60583.0,59970.0,60041.75,1128.46917
2026-06-26 17:00:00,60041.76,60287.9,59952.0,60023.97,546.63522
2026-06-26 18:00:00,60023.96,60158.0,59556.0,59668.01,504.21141
2026-06-26 19:00:00,59668.01,60098.0,59617.37,59751.97,708.47753
2026-06-26 20:00:00,59751.96,59994.0,59571.31,59718.0,454.05927
2026-06-26 21:00:00,59717.99,60050.0,59678.0,59918.7,287.90036
2026-06-26 22:00:00,59918.7,60080.0,59754.0,60048.0,335.92054
2026-06-26 23:00:00,60048.0,60117.64,59923.27,60097.27,319.40861
2026-06-27 00:00:00,60097.27,60197.0,59876.22,60059.07,360.77885
2026-06-27 01:00:00,60059.09,60068.0,59936.07,59945.53,245.35114
2026-06-27 02:00:00,59945.53,60378.23,59921.68,60290.01,695.38686
2026-06-27 03:00:00,60290.01,60412.0,60159.91,60305.73,438.61125
2026-06-27 04:00:00,60305.73,60482.0,60217.26,60239.99,303.30454
2026-06-27 05:00:00,60240.0,60311.0,60136.0,60236.76,444.9193
2026-06-27 06:00:00,60236.75,60500.0,60093.33,60370.62,581.81791
2026-06-27 07:00:00,60370.63,60574.0,60300.0,60548.07,825.68653
2026-06-27 08:00:00,60548.06,60548.74,60371.62,60456.0,470.55782
2026-06-27 09:00:00,60456.0,60511.99,60289.55,60414.62,307.96541
2026-06-27 10:00:00,60414.62,60487.31,60380.0,60420.28,137.8511
2026-06-27 11:00:00,60420.28,60447.8,60198.94,60363.65,275.39332
2026-06-27 12:00:00,60363.65,60430.01,60257.03,60430.0,349.0457
2026-06-27 13:00:00,60430.0,60665.74,60394.0,60588.35,434.13389
2026-06-27 14:00:00,60588.35,60728.0,60510.0,60611.5,306.64293
2026-06-27 15:00:00,60611.49,60941.17,60570.0,60840.06,606.25294
2026-06-27 16:00:00,60840.06,60855.03,60673.64,60807.99,239.6938
2026-06-27 17:00:00,60808.0,60818.76,60413.15,60524.88,548.67896
2026-06-27 18:00:00,60524.89,60576.03,60446.25,60570.86,229.00634
2026-06-27 19:00:00,60570.86,60605.41,60085.88,60175.95,414.61342
2026-06-27 20:00:00,60175.95,60306.0,60173.07,60300.0,220.12001
2026-06-27 21:00:00,60300.0,60482.18,60142.0,60203.82,280.50282
2026-06-27 22:00:00,60203.83,60256.56,59855.16,60228.95,377.17485
2026-06-27 23:00:00,60228.96,60320.0,59952.0,60029.0,493.73947
2026-06-28 00:00:00,60029.01,60190.0,60018.0,60146.0,462.24707
2026-06-28 01:00:00,60146.0,60273.38,59986.0,60222.22,267.56528
2026-06-28 02:00:00,60222.21,60339.99,60054.0,60150.45,403.64282
2026-06-28 03:00:00,60150.46,60275.0,60150.45,60197.04,255.71231
2026-06-28 04:00:00,60197.03,60231.83,60088.04,60133.0,191.50597
2026-06-28 05:00:00,60133.01,60140.0,59753.48,59989.17,345.08439
2026-06-28 06:00:00,59989.18,60030.0,59808.0,60002.82,217.95005
2026-06-28 07:00:00,60002.82,60259.68,60000.0,60219.99,361.83587
2026-06-28 08:00:00,60220.0,60545.01,60140.14,60370.0,491.6084
2026-06-28 09:00:00,60370.01,60462.0,60250.81,60258.84,222.4062
2026-06-28 10:00:00,60258.85,60292.48,60068.0,60166.71,181.18756
2026-06-28 11:00:00,60166.71,60374.05,60100.0,60342.0,225.05378
2026-06-28 12:00:00,60341.99,60457.02,60190.0,60293.51,212.9354
2026-06-28 13:00:00,60293.5,60293.51,59963.86,60071.88,369.88204
2026-06-28 14:00:00,60071.89,60250.0,60018.0,60033.0,318.13606
2026-06-28 15:00:00,60033.01,60130.0,59817.28,59890.0,467.03244
2026-06-28 16:00:00,59890.35,59943.9,59582.34,59690.62,567.70369
2026-06-28 17:00:00,59690.62,59848.0,59403.77,59586.01,519.06441
2026-06-28 18:00:00,59586.0,59700.0,59502.0,59614.46,272.01169
2026-06-28 19:00:00,59614.46,59682.0,59270.26,59481.79,301.99561
2026-06-28 20:00:00,59481.78,59765.9,59474.28,59660.0,227.14803
2026-06-28 21:00:00,59660.0,59796.66,59333.33,59445.95,531.65984
2026-06-28 22:00:00,59445.96,59906.0,58905.0,59067.01,983.67622
2026-06-28 23:00:00,59067.0,59848.0,59011.99,59577.01,510.09283
2026-06-29 00:00:00,59577.01,59700.0,59000.01,59667.01,549.31747
2026-06-29 01:00:00,59667.0,59697.0,59206.0,59440.95,647.05387
2026-06-29 02:00:00,59440.95,59812.0,58900.01,59757.46,1223.86338
2026-06-29 03:00:00,59757.47,60233.0,59757.47,60049.46,780.88525
2026-06-29 04:00:00,60049.45,60053.99,59746.0,59830.0,361.46912
2026-06-29 05:00:00,59830.01,60102.8,59392.02,60102.8,496.75535
2026-06-29 06:00:00,60102.8,60346.27,60050.67,60075.49,683.16036
2026-06-29 07:00:00,60075.5,60186.94,59936.0,60026.0,536.94262
2026-06-29 08:00:00,60026.01,60093.99,59745.46,59840.0,550.67382
2026-06-29 09:00:00,59840.01,60104.0,59778.76,60057.0,747.08903
2026-06-29 10:00:00,60057.0,60311.95,60056.99,60088.0,441.90219
2026-06-29 11:00:00,60088.0,60216.0,59796.0,59956.05,515.67042
2026-06-29 12:00:00,59956.05,60780.57,59595.09,59948.78,2600.10754
2026-06-29 13:00:00,59948.79,60340.0,59319.9,59580.0,2144.2543
2026-06-29 14:00:00,59580.0,59699.99,59011.0,59469.67,1999.07246
2026-06-29 15:00:00,59469.45,59960.0,59097.58,59824.01,1368.0568
2026-06-29 16:00:00,59824.01,60030.0,59584.48,59892.86,663.03532
2026-06-29 17:00:00,59892.87,60683.84,59892.0,60413.99,1795.75633
2026-06-29 18:00:00,60413.99,60520.0,60193.87,60295.0,525.48841
2026-06-29 19:00:00,60295.0,60557.5,60153.35,60433.49,501.01522
2026-06-29 20:00:00,60433.5,60553.06,60295.32,60296.0,312.86249
2026-06-29 21:00:00,60296.01,60585.99,60261.89,60479.72,294.76243
2026-06-29 22:00:00,60479.71,60516.0,60350.0,60352.31,211.76202
2026-06-29 23:00:00,60352.31,60379.23,60194.01,60260.21,252.18558
2026-06-30 00:00:00,60260.2,60276.54,59700.0,59838.01,709.83194
2026-06-30 01:00:00,59838.01,60048.98,59771.0,59939.94,341.19535
2026-06-30 02:00:00,59939.94,60042.54,59755.0,59948.24,424.27619
2026-06-30 03:00:00,59948.24,60031.75,59600.0,59627.48,381.85931
2026-06-30 04:00:00,59627.47,59700.0,59433.36,59492.01,774.8482
2026-06-30 05:00:00,59492.01,59656.89,59360.0,59652.13,807.92024
2026-06-30 06:00:00,59652.13,59712.88,59513.72,59592.0,708.76994
2026-06-30 07:00:00,59592.0,59632.0,59444.0,59524.01,762.40668
2026-06-30 08:00:00,59524.01,59551.03,59189.0,59311.92,879.64073
2026-06-30 09:00:00,59311.26,59420.0,59252.0,59374.96,442.65865
2026-06-30 10:00:00,59374.96,59420.0,59286.36,59334.01,300.40182
2026-06-30 11:00:00,59334.01,59413.27,59123.01,59192.7,466.77156
2026-06-30 12:00:00,59192.71,59192.71,58403.51,58412.0,2043.39825
2026-06-30 13:00:00,58411.99,58802.66,58228.33,58737.18,2504.50868
2026-06-30 14:00:00,58737.17,59276.6,58433.0,58482.81,1779.99006
2026-06-30 15:00:00,58482.81,58796.0,58201.0,58381.99,1563.15031
2026-06-30 16:00:00,58382.0,58632.0,58241.79,58497.65,1178.89718
2026-06-30 17:00:00,58497.65,58618.65,58310.72,58417.99,632.53618
2026-06-30 18:00:00,58417.99,58699.98,58351.56,58680.87,605.07781
2026-06-30 19:00:00,58680.86,58839.16,58586.01,58818.05,678.6415
2026-06-30 20:00:00,58818.0,58874.99,58648.26,58732.01,428.82351
2026-06-30 21:00:00,58732.0,58770.0,58509.99,58639.99,398.14222
2026-06-30 22:00:00,58639.99,58806.91,58513.8,58607.99,274.43078
2026-06-30 23:00:00,58607.99,58664.0,58555.0,58624.71,551.65078
2026-07-01 00:00:00,58624.71,58750.68,58310.0,58576.0,670.64661
2026-07-01 01:00:00,58575.99,59022.81,57800.19,58770.57,2987.12539
2026-07-01 02:00:00,58770.58,59171.63,58663.95,59085.0,692.74758
2026-07-01 03:00:00,59085.0,59318.0,58850.0,59197.13,715.44075
2026-07-01 04:00:00,59197.12,59457.0,59062.0,59339.99,480.11636
2026-07-01 05:00:00,59339.99,59376.48,59126.42,59154.33,432.30487
2026-07-01 06:00:00,59154.33,59156.0,58534.31,58755.8,794.13401
2026-07-01 07:00:00,58755.8,58823.9,58600.0,58768.65,479.85852
2026-07-01 08:00:00,58768.64,58984.0,58500.0,58973.99,381.93254
2026-07-01 09:00:00,58973.99,59091.99,58825.61,58944.55,417.79405
2026-07-01 10:00:00,58944.55,58948.47,58624.0,58659.98,405.70309
2026-07-01 11:00:00,58659.97,58755.9,58550.0,58622.03,396.69177
2026-07-01 12:00:00,58622.02,58676.0,58326.0,58538.01,1716.61119
2026-07-01 13:00:00,58538.0,59508.0,58536.0,59498.03,2321.79547
2026-07-01 14:00:00,59498.03,60092.0,59278.0,59542.0,3726.2091
2026-07-01 15:00:00,59541.99,60536.55,59520.51,60147.15,2322.06211
2026-07-01 16:00:00,60147.15,60267.17,59865.75,59920.0,862.80045
2026-07-01 17:00:00,59920.0,60239.84,59787.35,60190.6,480.08928
2026-07-01 18:00:00,60190.59,60298.0,60016.4,60171.16,343.31457
2026-07-01 19:00:00,60171.16,60352.93,60000.0,60028.67,548.14825
2026-07-01 20:00:00,60029.39,60198.0,59876.0,60126.0,313.10277
2026-07-01 21:00:00,60126.0,60846.95,60124.89,60815.99,1153.57611
2026-07-01 22:00:00,60815.99,61334.0,60339.0,60478.01,1877.61599
2026-07-01 23:00:00,60478.0,60478.0,59984.86,60024.0,573.62579
2026-07-02 00:00:00,60024.0,60028.0,59588.0,59761.73,857.93081
2026-07-02 01:00:00,59761.74,60324.99,59715.8,60175.92,634.42084
2026-07-02 02:00:00,60175.91,60495.24,60015.68,60423.1,520.9397
2026-07-02 03:00:00,60423.11,61121.78,60300.02,61058.0,891.65369
2026-07-02 04:00:00,61057.99,61058.0,60728.0,60787.98,793.20588
2026-07-02 05:00:00,60787.98,60877.69,60488.0,60504.54,836.16486
2026-07-02 06:00:00,60504.54,60652.74,60260.0,60274.01,838.53408
2026-07-02 07:00:00,60274.01,60315.93,60104.0,60149.99,593.99067
2026-07-02 08:00:00,60149.99,60555.06,60132.51,60511.99,573.38622
2026-07-02 09:00:00,60512.0,61437.49,60376.13,61184.0,1895.63178
2026-07-02 10:00:00,61184.0,61350.0,61051.07,61263.68,711.1086
2026-07-02 11:00:00,61263.93,61388.0,61125.58,61358.01,823.29588
2026-07-02 12:00:00,61358.0,61614.0,61147.23,61542.53,1476.64291
2026-07-02 13:00:00,61542.53,62053.0,61506.0,61939.04,2503.04906
2026-07-02 14:00:00,61939.04,62200.0,61394.49,61696.61,1834.43153
2026-07-02 15:00:00,61696.61,61850.86,61427.39,61612.93,955.089
2026-07-02 16:00:00,61612.93,61790.13,61108.99,61682.34,1526.68052
2026-07-02 17:00:00,61682.34,61962.43,61619.69,61667.39,742.84693
2026-07-02 18:00:00,61667.4,61900.29,61664.39,61761.36,457.24217
2026-07-02 19:00:00,61761.36,61763.81,61424.0,61479.6,567.93379
2026-07-02 20:00:00,61479.59,61596.0,61342.0,61584.78,435.70751
2026-07-02 21:00:00,61584.77,61653.43,61516.0,61592.26,335.09994
2026-07-02 22:00:00,61592.26,61596.62,61406.28,61465.26,313.41399
2026-07-02 23:00:00,61465.26,61606.0,61350.02,61560.0,263.74127
2026-07-03 00:00:00,61560.0,61578.0,61248.86,61308.75,803.35853
2026-07-03 01:00:00,61308.75,61733.11,61286.0,61588.0,365.29608
2026-07-03 02:00:00,61588.0,61664.62,61294.0,61440.01,718.15053
2026-07-03 03:00:00,61440.01,61575.15,61324.0,61434.0,592.37701
2026-07-03 04:00:00,61434.0,61524.01,61332.76,61448.0,597.68744
2026-07-03 05:00:00,61448.0,61808.0,61430.0,61700.49,669.42027
2026-07-03 06:00:00,61700.49,61850.0,61612.0,61710.01,821.5655
2026-07-03 07:00:00,61710.01,61864.99,61659.32,61750.47,1075.23435
2026-07-03 08:00:00,61750.47,61896.99,61554.07,61584.0,341.60269
2026-07-03 09:00:00,61583.99,61783.89,61510.01,61718.68,336.50784
2026-07-03 10:00:00,61718.69,62038.0,61663.98,61916.46,481.39402
2026-07-03 11:00:00,61916.46,62103.1,61840.0,62024.02,549.87382
2026-07-03 12:00:00,62024.01,62174.47,61871.66,61983.99,627.72129
2026-07-03 13:00:00,61984.0,62282.0,61944.0,62116.01,790.28341
2026-07-03 14:00:00,62116.0,62280.0,61700.0,62167.48,768.79968
2026-07-03 15:00:00,62167.47,62400.0,61820.0,61922.72,627.67216
2026-07-03 16:00:00,61922.71,62125.99,61911.65,62104.81,308.0973
2026-07-03 17:00:00,62104.81,62292.51,62068.78,62194.0,345.47791
2026-07-03 18:00:00,62193.99,62250.0,62118.0,62204.01,298.61687
2026-07-03 19:00:00,62204.0,62317.64,62146.0,62210.0,345.20311
2026-07-03 20:00:00,62210.0,62907.77,62186.01,62776.92,1103.81636
2026-07-03 21:00:00,62776.91,62979.86,62518.72,62732.0,530.36622
2026-07-03 22:00:00,62732.0,62748.01,62538.47,62578.0,461.77097
2026-07-03 23:00:00,62578.0,62707.67,62529.03,62583.26,488.69291
2026-07-04 00:00:00,62583.26,62946.0,62578.55,62756.29,451.82518
2026-07-04 01:00:00,62756.29,62756.29,62404.25,62468.44,740.55394
2026-07-04 02:00:00,62468.44,62576.0,62432.0,62538.96,288.40853
2026-07-04 03:00:00,62538.96,62750.0,62484.01,62627.29,272.8732
2026-07-04 04:00:00,62627.28,62749.97,62590.06,62700.0,372.06056
2026-07-04 05:00:00,62700.0,62700.01,62441.29,62471.52,289.90978
2026-07-04 06:00:00,62471.53,62559.43,62328.24,62500.01,328.21302
2026-07-04 07:00:00,62500.01,62634.24,62470.0,62576.0,488.37245
2026-07-04 08:00:00,62576.0,62674.47,62516.46,62553.78,325.39629
2026-07-04 09:00:00,62553.78,62583.99,62415.87,62494.0,256.44372
2026-07-04 10:00:00,62494.01,62545.02,62445.38,62513.0,261.05012
2026-07-04 11:00:00,62512.99,62563.84,62456.24,62482.01,236.75332
2026-07-04 12:00:00,62482.0,62696.78,62482.0,62664.01,160.12973
2026-07-04 13:00:00,62664.01,62776.92,62542.0,62588.84,234.91268
2026-07-04 14:00:00,62588.84,62738.28,62585.53,62693.99,214.12592
2026-07-04 15:00:00,62693.99,63075.46,62687.89,62943.29,746.82104
2026-07-04 16:00:00,62943.29,62968.29,62786.0,62927.29,446.2616
2026-07-04 17:00:00,62927.3,63439.62,62803.0,63280.38,752.34234
2026-07-04 18:00:00,63280.38,63346.0,63092.02,63172.78,347.58599
2026-07-04 19:00:00,63172.79,63461.99,63123.49,63294.72,328.68996
2026-07-04 20:00:00,63294.72,63392.0,63155.37,63233.78,287.12408
2026-07-04 21:00:00,63233.79,63448.0,63202.0,63297.84,239.07967
2026-07-04 22:00:00,63297.83,63310.0,63160.0,63184.99,486.87752
2026-07-04 23:00:00,63185.0,63241.33,62927.98,63144.01,584.01676
2026-07-05 00:00:00,63144.01,63144.01,62888.86,62991.29,348.66174
2026-07-05 01:00:00,62991.3,63043.15,62800.0,62887.94,447.61772
2026-07-05 02:00:00,62887.93,62926.0,62596.08,62693.56,307.64194
2026-07-05 03:00:00,62693.57,62796.39,62658.0,62769.04,211.72564
2026-07-05 04:00:00,62769.03,62952.93,62712.0,62815.99,288.42759
2026-07-05 05:00:00,62815.99,62815.99,62659.65,62740.5,312.61219
2026-07-05 06:00:00,62740.5,62819.91,62669.99,62782.18,269.63913
2026-07-05 07:00:00,62782.18,63059.99,62718.31,63020.21,393.71695
2026-07-05 08:00:00,63020.21,63104.0,62900.0,62915.0,337.45972
2026-07-05 09:00:00,62915.0,62930.16,62436.59,62622.18,562.27226
2026-07-05 10:00:00,62622.18,62756.25,62536.57,62756.12,183.32618
2026-07-05 11:00:00,62756.12,62812.0,62600.03,62658.92,268.20384
2026-07-05 12:00:00,62658.92,62772.0,62569.37,62745.01,294.54856
2026-07-05 13:00:00,62745.0,62819.66,62644.12,62792.0,337.44331
2026-07-05 14:00:00,62791.99,62818.37,62656.02,62812.25,219.35892
2026-07-05 15:00:00,62812.25,62943.59,62679.76,62740.01,243.82359
2026-07-05 16:00:00,62740.01,62772.86,62590.02,62637.48,344.55738
2026-07-05 17:00:00,62637.48,62820.0,62594.38,62624.93,275.09476
2026-07-05 18:00:00,62624.93,62880.0,62616.0,62820.33,372.13939
2026-07-05 19:00:00,62820.33,62888.14,62714.98,62768.88,297.34041
2026-07-05 20:00:00,62768.87,62836.01,62700.0,62730.61,164.5638
2026-07-05 21:00:00,62730.61,63220.0,62609.47,63092.01,428.51084
2026-07-05 22:00:00,63092.0,63964.48,63005.04,63736.0,1512.51245
2026-07-05 23:00:00,63735.99,63999.0,63577.36,63650.0,750.87927
2026-07-06 00:00:00,63650.01,63772.52,63350.0,63761.99,854.38324
2026-07-06 01:00:00,63761.98,63920.0,63550.0,63576.0,432.9767
2026-07-06 02:00:00,63576.0,63669.45,63373.13,63460.01,398.01222
2026-07-06 03:00:00,63460.01,63495.14,63136.01,63294.0,420.90012
2026-07-06 04:00:00,63294.0,63402.77,63187.98,63267.99,278.63053
2026-07-06 05:00:00,63267.99,63268.0,62950.0,63114.0,702.75025
2026-07-06 06:00:00,63113.99,63152.7,62972.0,62976.0,622.44998
2026-07-06 07:00:00,62976.0,63120.0,62890.0,63089.42,529.35201
2026-07-06 08:00:00,63089.42,63244.0,62800.13,62904.01,536.0688
2026-07-06 09:00:00,62904.01,62914.0,62630.85,62664.77,432.26087
2026-07-06 10:00:00,62664.77,63030.0,62664.76,62822.06,454.82776
2026-07-06 11:00:00,62822.07,63000.0,62483.83,62483.84,610.79996
2026-07-06 12:00:00,62483.84,62487.98,61668.2,61754.01,2426.65551
2026-07-06 13:00:00,61754.01,62034.0,61306.84,61768.21,3623.91016
2026-07-06 14:00:00,61768.2,62411.41,61712.54,62052.0,1203.78704
2026-07-06 15:00:00,62052.0,63550.0,62052.0,63545.98,2153.37389
2026-07-06 16:00:00,63545.98,63863.0,63386.01,63732.0,1748.98599
2026-07-06 17:00:00,63732.0,63976.16,63570.16,63587.38,885.44922
2026-07-06 18:00:00,63587.38,63886.0,63560.0,63696.4,345.76423
2026-07-06 19:00:00,63696.4,63887.93,63652.42,63738.52,308.11427
2026-07-06 20:00:00,63738.52,63892.65,63589.41,63828.0,314.93037
2026-07-06 21:00:00,63828.0,64700.0,63810.0,64489.98,1489.51024
2026-07-06 22:00:00,64489.97,64500.0,64151.01,64244.0,313.47871
2026-07-06 23:00:00,64244.0,64340.76,64017.78,64042.02,347.9123
2026-07-07 00:00:00,64042.93,64314.0,63997.5,64203.99,545.80462
2026-07-07 01:00:00,64203.99,64204.0,63767.04,63840.0,600.7847
2026-07-07 02:00:00,63840.0,63908.0,63288.01,63322.01,624.33941
2026-07-07 03:00:00,63322.01,63414.0,63150.0,63191.01,378.30046
2026-07-07 04:00:00,63191.01,63288.33,63064.0,63100.01,658.55856
2026-07-07 05:00:00,63100.0,63278.99,62800.0,63128.01,725.48406
2026-07-07 06:00:00,63128.0,63400.0,62984.42,63340.0,869.08707
2026-07-07 07:00:00,63340.01,63445.7,63072.1,63083.18,615.24857
2026-07-07 08:00:00,63083.19,63184.0,62984.58,63104.0,444.0167
2026-07-07 09:00:00,63104.0,63348.73,63063.28,63256.0,320.22634
2026-07-07 10:00:00,63256.01,63467.15,63228.17,63284.0,496.91971
2026-07-07 11:00:00,63284.0,63452.0,63116.02,63406.0,399.36572
2026-07-07 12:00:00,63405.99,63872.0,63396.58,63481.39,618.18499
2026-07-07 13:00:00,63481.39,63482.5,63000.0,63056.0,1055.47861
2026-07-07 14:00:00,63056.0,63634.0,62671.39,63562.05,1684.44273
2026-07-07 15:00:00,63562.05,64105.0,63376.22,63930.51,2129.05569
2026-07-07 16:00:00,63930.5,64243.75,63810.0,63983.27,825.1364
2026-07-07 17:00:00,63983.28,64232.0,63896.21,64186.0,713.19138
2026-07-07 18:00:00,64185.99,64188.0,63672.01,63679.99,804.35069
2026-07-07 19:00:00,63679.99,63894.58,63379.69,63817.99,809.87318
2026-07-07 20:00:00,63818.0,63901.75,63585.0,63697.99,461.15497
2026-07-07 21:00:00,63698.0,63866.0,63313.1,63423.94,445.13714
2026-07-07 22:00:00,63423.93,63660.0,63218.0,63551.02,344.82337
2026-07-07 23:00:00,63551.02,63708.0,63320.0,63363.99,265.24316
2026-07-08 00:00:00,63364.0,63761.99,63307.36,63612.77,656.59812
2026-07-08 01:00:00,63612.78,63649.5,62921.78,63038.01,690.76172
2026-07-08 02:00:00,63038.0,63066.0,62525.47,62979.99,1271.45366
2026-07-08 03:00:00,62979.98,63094.0,62700.18,62766.0,326.19539
2026-07-08 04:00:00,62766.0,62901.49,62676.0,62800.0,435.16461
2026-07-08 05:00:00,62800.01,62876.95,62558.0,62637.88,716.63481
2026-07-08 06:00:00,62637.88,62746.0,62477.04,62657.81,457.84929
2026-07-08 07:00:00,62657.82,62894.89,62550.0,62888.35,483.7238
2026-07-08 08:00:00,62888.34,62941.46,61855.26,62018.36,1707.6886
2026-07-08 09:00:00,62018.36,62190.01,61743.83,62057.67,2058.44174
2026-07-08 10:00:00,62057.68,62199.97,61903.45,62183.12,934.16537
2026-07-08 11:00:00,62183.11,62392.04,62055.63,62299.99,576.86496
2026-07-08 12:00:00,62300.0,62451.08,61953.58,61957.73,877.49143
2026-07-08 13:00:00,61957.74,62090.0,61632.23,61945.49,1130.9924
2026-07-08 14:00:00,61945.49,62173.56,61712.0,61889.83,1415.74086
2026-07-08 15:00:00,61889.83,61922.0,61544.56,61704.01,1055.91275
2026-07-08 16:00:00,61704.01,62164.6,61692.0,62113.03,762.49481
2026-07-08 17:00:00,62113.02,62394.32,62032.0,62246.01,452.70039
